,지역명,평당분양가격,연도,월
0,서울,18189.0,2013,12
1,부산,8111.0,2013,12
2,대구,8080.0,2013,12
3,인천,10204.0,2013,12
4,광주,6098.0,2013,12
5,대전,8321.0,2013,12
6,울산,8090.0,2013,12
7,경기,10855.0,2013,12
8,세종,7601.0,2013,12
9,강원,6230.0,2013,12
10,충북,6589.0,2013,12
11,충남,6365.0,2013,12
12,전북,6282.0,2013,12
13,전남,5678.0,2013,12
14,경북,6168.0,2013,12
15,경남,6473.0,2013,12
16,제주,7674.0,2013,12
17,서울,17925.0,2014,1
18,부산,8111.0,2014,1
19,대구,8080.0,2014,1
20,인천,10204.0,2014,1
21,광주,7326.0,2014,1
22,대전,8321.0,2014,1
23,울산,8090.0,2014,1
24,경기,10855.0,2014,1
25,세종,7600.0,2014,1
26,강원,6230.0,2014,1
27,충북,6589.0,2014,1
28,충남,6365.0,2014,1
29,전북,6281.0,2014,1
30,전남,5678.0,2014,1
31,경북,6168.0,2014,1
32,경남,6485.0,2014,1
33,제주,7900.0,2014,1
34,서울,17925.0,2014,2
35,부산,9078.0,2014,2
36,대구,8077.0,2014,2
37,인천,10408.0,2014,2
38,광주,7611.0,2014,2
39,대전,8321.0,2014,2
40,울산,8090.0,2014,2
41,경기,10791.0,2014,2
42,세종,7532.0,2014,2
43,강원,6230.0,2014,2
44,충북,6611.0,2014,2
45,충남,6379.0,2014,2
46,전북,5946.0,2014,2
47,전남,5678.0,2014,2
48,경북,6234.0,2014,2
49,경남,6502.0,2014,2
50,제주,7900.0,2014,2
51,서울,18016.0,2014,3
52,부산,8965.0,2014,3
53,대구,8101.0,2014,3
54,인천,10408.0,2014,3
55,광주,7346.0,2014,3
56,대전,8341.0,2014,3
57,울산,8153.0,2014,3
58,경기,10784.0,2014,3
59,세종,7814.0,2014,3
60,강원,6141.0,2014,3
61,충북,6625.0,2014,3
62,충남,6287.0,2014,3
63,전북,5966.0,2014,3
64,전남,5696.0,2014,3
65,경북,6317.0,2014,3
66,경남,6610.0,2014,3
67,제주,7900.0,2014,3
68,서울,18098.0,2014,4
69,부산,9402.0,2014,4
70,대구,8267.0,2014,4
71,인천,10000.0,2014,4
72,광주,7346.0,2014,4
73,대전,8341.0,2014,4
74,울산,8153.0,2014,4
75,경기,10876.0,2014,4
76,세종,7908.0,2014,4
77,강원,6373.0,2014,4
78,충북,6678.0,2014,4
79,충남,6552.0,2014,4
80,전북,6277.0,2014,4
81,전남,5736.0,2014,4
82,경북,6412.0,2014,4
83,경남,6599.0,2014,4
84,제주,7900.0,2014,4
85,서울,19446.0,2014,5
86,부산,9501.0,2014,5
87,대구,8274.0,2014,5
88,인천,9844.0,2014,5
89,광주,7523.0,2014,5
90,대전,8341.0,2014,5
91,울산,8153.0,2014,5
92,경기,10646.0,2014,5
93,세종,7934.0,2014,5
94,강원,6350.0,2014,5
95,충북,6598.0,2014,5
96,충남,6591.0,2014,5
97,전북,6306.0,2014,5
98,전남,5656.0,2014,5
99,경북,6409.0,2014,5
100,경남,6610.0,2014,5
101,제주,7900.0,2014,5
102,서울,18867.0,2014,6
103,부산,9453.0,2014,6
104,대구,8360.0,2014,6
105,인천,10058.0,2014,6
106,광주,7659.0,2014,6
107,대전,8333.0,2014,6
108,울산,8153.0,2014,6
109,경기,10266.0,2014,6
110,세종,8067.0,2014,6
111,강원,6350.0,2014,6
112,충북,6587.0,2014,6
113,충남,6644.0,2014,6
114,전북,6351.0,2014,6
115,전남,5609.0,2014,6
116,경북,6554.0,2014,6
117,경남,6615.0,2014,6
118,제주,7914.0,2014,6
119,서울,18742.0,2014,7
120,부산,9457.0,2014,7
121,대구,8360.0,2014,7
122,인천,9974.0,2014,7
123,광주,7612.0,2014,7
124,대전,8333.0,2014,7
125,울산,8153.0,2014,7
126,경기,10124.0,2014,7
127,세종,8067.0,2014,7
128,강원,6268.0,2014,7
129,충북,6586.0,2014,7
130,충남,6805.0,2014,7
131,전북,6319.0,2014,7
132,전남,5780.0,2014,7
133,경북,6556.0,2014,7
134,경남,6613.0,2014,7
135,제주,7914.0,2014,7
136,서울,19274.0,2014,8
137,부산,9411.0,2014,8
138,대구,8370.0,2014,8
139,인천,9973.0,2014,8
140,광주,7622.0,2014,8
141,대전,8333.0,2014,8
142,울산,8493.0,2014,8
143,경기,10134.0,2014,8
144,세종,8141.0,2014,8
145,강원,6268.0,2014,8
146,충북,6586.0,2014,8
147,충남,6914.0,2014,8
148,전북,6436.0,2014,8
149,전남,5685.0,2014,8
150,경북,6563.0,2014,8
151,경남,6606.0,2014,8
152,제주,7914.0,2014,8
153,서울,19404.0,2014,9
154,부산,9258.0,2014,9
155,대구,8449.0,2014,9
156,인천,9973.0,2014,9
157,광주,7802.0,2014,9
158,대전,8048.0,2014,9
159,울산,8493.0,2014,9
160,경기,10501.0,2014,9
161,세종,8282.0,2014,9
162,강원,6419.0,2014,9
163,충북,6584.0,2014,9
164,충남,6882.0,2014,9
165,전북,6719.0,2014,9
166,전남,5804.0,2014,9
167,경북,6577.0,2014,9
168,경남,6767.0,2014,9
169,제주,7833.0,2014,9
170,서울,19759.0,2014,10
171,부산,9110.0,2014,10
172,대구,8403.0,2014,10
173,인천,10016.0,2014,10
174,광주,7707.0,2014,10
175,대전,8038.0,2014,10
176,울산,8627.0,2014,10
177,경기,10397.0,2014,10
178,세종,8527.0,2014,10
179,강원,6631.0,2014,10
180,충북,6529.0,2014,10
181,충남,6831.0,2014,10
182,전북,6581.0,2014,10
183,전남,5753.0,2014,10
184,경북,6778.0,2014,10
185,경남,6881.0,2014,10
186,제주,7724.0,2014,10
187,서울,20242.0,2014,11
188,부산,9208.0,2014,11
189,대구,8439.0,2014,11
190,인천,10020.0,2014,11
191,광주,7752.0,2014,11
192,대전,8067.0,2014,11
193,울산,8891.0,2014,11
194,경기,10356.0,2014,11
195,세종,8592.0,2014,11
196,강원,6365.0,2014,11
197,충북,6724.0,2014,11
198,충남,6940.0,2014,11
199,전북,6583.0,2014,11
200,전남,5768.0,2014,11
201,경북,6881.0,2014,11
202,경남,7125.0,2014,11
203,제주,7724.0,2014,11
204,서울,20269.0,2014,12
205,부산,9208.0,2014,12
206,대구,8253.0,2014,12
207,인천,10020.0,2014,12
208,광주,7748.0,2014,12
209,대전,8067.0,2014,12
210,울산,8891.0,2014,12
211,경기,10379.0,2014,12
212,세종,8560.0,2014,12
213,강원,6365.0,2014,12
214,충북,6743.0,2014,12
215,충남,6989.0,2014,12
216,전북,6583.0,2014,12
217,전남,5784.0,2014,12
218,경북,6989.0,2014,12
219,경남,7332.0,2014,12
220,제주,7739.0,2014,12
221,서울,20670.0,2015,1
222,부산,9204.0,2015,1
223,대구,8327.0,2015,1
224,인천,10017.0,2015,1
225,광주,7752.0,2015,1
226,대전,8067.0,2015,1
227,울산,8526.0,2015,1
228,경기,10391.0,2015,1
229,세종,8560.0,2015,1
230,강원,6348.0,2015,1
231,충북,6749.0,2015,1
232,충남,6976.0,2015,1
233,전북,6583.0,2015,1
234,전남,5784.0,2015,1
235,경북,6992.0,2015,1
236,경남,7592.0,2015,1
237,제주,7739.0,2015,1
238,서울,20670.0,2015,2
239,부산,9235.0,2015,2
240,대구,8416.0,2015,2
241,인천,9876.0,2015,2
242,광주,7756.0,2015,2
243,대전,8067.0,2015,2
244,울산,8526.0,2015,2
245,경기,10355.0,2015,2
246,세종,8560.0,2015,2
247,강원,6350.0,2015,2
248,충북,6747.0,2015,2
249,충남,6980.0,2015,2
250,전북,6583.0,2015,2
251,전남,5833.0,2015,2
252,경북,6953.0,2015,2
253,경남,7588.0,2015,2
254,제주,7739.0,2015,2
255,서울,19415.0,2015,3
256,부산,9279.0,2015,3
257,대구,8441.0,2015,3
258,인천,9876.0,2015,3
259,광주,7861.0,2015,3
260,대전,8067.0,2015,3
261,울산,8629.0,2015,3
262,경기,10469.0,2015,3
263,세종,8555.0,2015,3
264,강원,6182.0,2015,3
265,충북,6783.0,2015,3
266,충남,7161.0,2015,3
267,전북,6542.0,2015,3
268,전남,5825.0,2015,3
269,경북,6997.0,2015,3
270,경남,7668.0,2015,3
271,제주,7826.0,2015,3
272,서울,18842.0,2015,4
273,부산,9327.0,2015,4
274,대구,8446.0,2015,4
275,인천,9938.0,2015,4
276,광주,7914.0,2015,4
277,대전,8145.0,2015,4
278,울산,9380.0,2015,4
279,경기,10684.0,2015,4
280,세종,8546.0,2015,4
281,강원,6924.0,2015,4
282,충북,6790.0,2015,4
283,충남,7017.0,2015,4
284,전북,6551.0,2015,4
285,전남,5940.0,2015,4
286,경북,7006.0,2015,4
287,경남,7683.0,2015,4
288,제주,7285.0,2015,4
289,서울,18367.0,2015,5
290,부산,9345.0,2015,5
291,대구,8568.0,2015,5
292,인천,10551.0,2015,5
293,광주,7877.0,2015,5
294,대전,8272.0,2015,5
295,울산,9192.0,2015,5
296,경기,10685.0,2015,5
297,세종,8546.0,2015,5
298,강원,6846.0,2015,5
299,충북,6805.0,2015,5
300,충남,6975.0,2015,5
301,전북,6556.0,2015,5
302,전남,6050.0,2015,5
303,경북,6966.0,2015,5
304,경남,7717.0,2015,5
305,제주,7285.0,2015,5
306,서울,18374.0,2015,6
307,부산,9515.0,2015,6
308,대구,8542.0,2015,6
309,인천,10443.0,2015,6
310,광주,7881.0,2015,6
311,대전,8079.0,2015,6
312,울산,9190.0,2015,6
313,경기,10573.0,2015,6
314,세종,8671.0,2015,6
315,강원,6986.0,2015,6
316,충북,6682.0,2015,6
317,충남,6939.0,2015,6
318,전북,6601.0,2015,6
319,전남,6243.0,2015,6
320,경북,6887.0,2015,6
321,경남,7715.0,2015,6
322,제주,7343.0,2015,6
323,서울,18152.0,2015,7
324,부산,9559.0,2015,7
325,대구,8542.0,2015,7
326,인천,10443.0,2015,7
327,광주,8089.0,2015,7
328,대전,8079.0,2015,7
329,울산,9190.0,2015,7
330,경기,10518.0,2015,7
331,세종,8669.0,2015,7
332,강원,7019.0,2015,7
333,충북,6601.0,2015,7
334,충남,6935.0,2015,7
335,전북,6750.0,2015,7
336,전남,6286.0,2015,7
337,경북,7035.0,2015,7
338,경남,7723.0,2015,7
339,제주,7343.0,2015,7
340,서울,18443.0,2015,8
341,부산,9581.0,2015,8
342,대구,8795.0,2015,8
343,인천,10449.0,2015,8
344,광주,8231.0,2015,8
345,대전,8079.0,2015,8
346,울산,9215.0,2015,8
347,경기,10573.0,2015,8
348,세종,8695.0,2015,8
349,강원,7008.0,2015,8
350,충북,6603.0,2015,8
351,충남,6942.0,2015,8
352,전북,6580.0,2015,8
353,전남,6289.0,2015,8
354,경북,7037.0,2015,8
355,경남,7665.0,2015,8
356,제주,7343.0,2015,8
357,서울,19275.3,2015,10
358,인천,10437.9,2015,10
359,경기,10355.4,2015,10
360,부산,10269.6,2015,10
361,대구,8850.6,2015,10
362,광주,7986.0,2015,10
363,대전,8098.2,2015,10
364,울산,10074.9,2015,10
365,세종,8718.6,2015,10
366,강원,7151.099999999999,2015,10
367,충북,6705.599999999999,2015,10
368,충남,6926.7,2015,10
369,전북,6778.2,2015,10
370,전남,6352.5,2015,10
371,경북,7088.4,2015,10
372,경남,7560.299999999999,2015,10
373,제주,7365.599999999999,2015,10
374,서울,19965.0,2015,11
375,인천,10507.2,2015,11
376,경기,10223.4,2015,11
377,부산,10332.3,2015,11
378,대구,9071.7,2015,11
379,광주,7999.2,2015,11
380,대전,8098.2,2015,11
381,울산,10041.9,2015,11
382,세종,8738.4,2015,11
383,강원,7164.299999999999,2015,11
384,충북,6613.2,2015,11
385,충남,6930.0,2015,11
386,전북,6788.099999999999,2015,11
387,전남,6299.7,2015,11
388,경북,7227.0,2015,11
389,경남,7583.4,2015,11
390,제주,7365.599999999999,2015,11
391,서울,19935.3,2015,12
392,인천,10507.2,2015,12
393,경기,10553.4,2015,12
394,부산,10319.1,2015,12
395,대구,9774.6,2015,12
396,광주,8170.799999999999,2015,12
397,대전,8098.2,2015,12
398,울산,10041.9,2015,12
399,세종,8794.5,2015,12
400,강원,7164.299999999999,2015,12
401,충북,6616.5,2015,12
402,충남,7487.7,2015,12
403,전북,6543.9,2015,12
404,전남,6299.7,2015,12
405,경북,7197.299999999999,2015,12
406,경남,7613.099999999999,2015,12
407,제주,7484.4,2015,12
408,서울,20156.4,2016,1
409,인천,10530.3,2016,1
410,경기,10553.4,2016,1
411,부산,10401.6,2016,1
412,대구,10183.8,2016,1
413,광주,8477.699999999999,2016,1
414,대전,8098.2,2016,1
415,울산,10051.8,2016,1
416,세종,8794.5,2016,1
417,강원,7170.9,2016,1
418,충북,6626.4,2016,1
419,충남,7491.0,2016,1
420,전북,6534.0,2016,1
421,전남,6299.7,2016,1
422,경북,7197.299999999999,2016,1
423,경남,7679.099999999999,2016,1
424,제주,7484.4,2016,1
425,서울,20166.3,2016,2
426,인천,10533.6,2016,2
427,경기,10622.7,2016,2
428,부산,10408.2,2016,2
429,대구,10111.2,2016,2
430,광주,8477.699999999999,2016,2
431,대전,8098.2,2016,2
432,울산,10051.8,2016,2
433,세종,8794.5,2016,2
434,강원,7170.9,2016,2
435,충북,6626.4,2016,2
436,충남,7497.599999999999,2016,2
437,전북,6534.0,2016,2
438,전남,6345.9,2016,2
439,경북,7190.7,2016,2
440,경남,7781.4,2016,2
441,제주,7484.4,2016,2
442,서울,20370.9,2016,3
443,인천,10527.0,2016,3
444,경기,10609.5,2016,3
445,부산,10487.4,2016,3
446,대구,10292.7,2016,3
447,광주,8547.0,2016,3
448,대전,8098.2,2016,3
449,울산,10117.8,2016,3
450,세종,8811.0,2016,3
451,강원,7240.2,2016,3
452,충북,6534.0,2016,3
453,충남,6979.5,2016,3
454,전북,6438.299999999999,2016,3
455,전남,6339.299999999999,2016,3
456,경북,7190.7,2016,3
457,경남,7863.9,2016,3
458,제주,7636.2,2016,3
459,서울,20595.3,2016,4
460,인천,10685.4,2016,4
461,경기,10556.7,2016,4
462,부산,10457.7,2016,4
463,대구,10335.6,2016,4
464,광주,8910.0,2016,4
465,대전,8081.7,2016,4
466,울산,10137.6,2016,4
467,세종,8844.0,2016,4
468,강원,7062.0,2016,4
469,충북,6494.4,2016,4
470,충남,7157.7,2016,4
471,전북,6299.7,2016,4
472,전남,6352.5,2016,4
473,경북,7184.099999999999,2016,4
474,경남,7890.299999999999,2016,4
475,제주,8972.699999999999,2016,4
476,서울,20671.2,2016,5
477,인천,10490.7,2016,5
478,경기,11361.9,2016,5
479,부산,10388.4,2016,5
480,대구,10335.6,2016,5
481,광주,8982.6,2016,5
482,대전,8134.5,2016,5
483,울산,10154.1,2016,5
484,세종,8844.0,2016,5
485,강원,6986.099999999999,2016,5
486,충북,6534.0,2016,5
487,충남,7147.799999999999,2016,5
488,전북,6418.5,2016,5
489,전남,6359.099999999999,2016,5
490,경북,7180.799999999999,2016,5
491,경남,7857.299999999999,2016,5
492,제주,8880.3,2016,5
493,서울,20486.4,2016,6
494,인천,10573.2,2016,6
495,경기,11688.6,2016,6
496,부산,10395.0,2016,6
497,대구,10342.2,2016,6
498,광주,9032.1,2016,6
499,대전,8454.6,2016,6
500,울산,10127.7,2016,6
501,세종,8853.9,2016,6
502,강원,6943.2,2016,6
503,충북,6755.099999999999,2016,6
504,충남,7253.4,2016,6
505,전북,6372.299999999999,2016,6
506,전남,6494.4,2016,6
507,경북,7385.4,2016,6
508,경남,7883.7,2016,6
509,제주,9329.1,2016,6
510,서울,20638.2,2016,7
511,인천,10632.6,2016,7
512,경기,11652.3,2016,7
513,부산,10421.4,2016,7
514,대구,10329.0,2016,7
515,광주,9048.6,2016,7
516,대전,8454.6,2016,7
517,울산,10127.7,2016,7
518,세종,8867.1,2016,7
519,강원,6933.299999999999,2016,7
520,충북,6847.5,2016,7
521,충남,7253.4,2016,7
522,전북,6365.7,2016,7
523,전남,6494.4,2016,7
524,경북,7418.4,2016,7
525,경남,7837.5,2016,7
526,제주,9329.1,2016,7
527,서울,20740.5,2016,8
528,인천,10675.5,2016,8
529,경기,11751.3,2016,8
530,부산,10510.5,2016,8
531,대구,10385.1,2016,8
532,광주,8995.8,2016,8
533,대전,8454.6,2016,8
534,울산,9820.8,2016,8
535,세종,8890.199999999999,2016,8
536,강원,6923.4,2016,8
537,충북,7009.2,2016,8
538,충남,7375.5,2016,8
539,전북,6365.7,2016,8
540,전남,6487.799999999999,2016,8
541,경북,7385.4,2016,8
542,경남,7867.2,2016,8
543,제주,9497.4,2016,8
544,서울,20733.9,2016,9
545,인천,10454.4,2016,9
546,경기,11088.0,2016,9
547,부산,10560.0,2016,9
548,대구,10385.1,2016,9
549,광주,8979.3,2016,9
550,대전,8306.1,2016,9
551,울산,9820.8,2016,9
552,세종,8873.699999999999,2016,9
553,강원,6930.0,2016,9
554,충북,7012.5,2016,9
555,충남,7378.799999999999,2016,9
556,전북,6352.5,2016,9
557,전남,6507.599999999999,2016,9
558,경북,7428.299999999999,2016,9
559,경남,7890.299999999999,2016,9
560,제주,10173.9,2016,9
561,서울,21120.0,2016,10
562,인천,10553.4,2016,10
563,경기,11322.3,2016,10
564,부산,10220.1,2016,10
565,대구,10385.1,2016,10
566,광주,8992.5,2016,10
567,대전,10117.8,2016,10
568,울산,10576.5,2016,10
569,세종,8910.0,2016,10
570,강원,7052.099999999999,2016,10
571,충북,6923.4,2016,10
572,충남,7415.099999999999,2016,10
573,전북,6359.099999999999,2016,10
574,전남,6540.599999999999,2016,10
575,경북,7570.2,2016,10
576,경남,7959.599999999999,2016,10
577,제주,10173.9,2016,10
578,서울,21021.0,2016,11
579,인천,10398.3,2016,11
580,경기,11701.8,2016,11
581,부산,10173.9,2016,11
582,대구,10259.7,2016,11
583,광주,9157.5,2016,11
584,대전,8860.5,2016,11
585,울산,10758.0,2016,11
586,세종,8916.6,2016,11
587,강원,6834.299999999999,2016,11
588,충북,7012.5,2016,11
589,충남,7514.099999999999,2016,11
590,전북,6362.4,2016,11
591,전남,6784.799999999999,2016,11
592,경북,7570.2,2016,11
593,경남,7784.7,2016,11
594,제주,10253.1,2016,11
595,서울,21261.9,2016,12
596,인천,10335.6,2016,12
597,경기,11731.5,2016,12
598,부산,10734.9,2016,12
599,대구,10375.2,2016,12
600,광주,9183.9,2016,12
601,대전,8860.5,2016,12
602,울산,10758.0,2016,12
603,세종,8926.5,2016,12
604,강원,6887.099999999999,2016,12
605,충북,6867.299999999999,2016,12
606,충남,7504.2,2016,12
607,전북,6613.2,2016,12
608,전남,6857.4,2016,12
609,경북,7626.299999999999,2016,12
610,경남,7880.4,2016,12
611,제주,10335.6,2016,12
612,서울,21285.0,2017,1
613,인천,10335.6,2017,1
614,경기,11728.2,2017,1
615,부산,10705.2,2017,1
616,대구,10299.3,2017,1
617,광주,9167.4,2017,1
618,대전,8860.5,2017,1
619,울산,10758.0,2017,1
620,세종,8926.5,2017,1
621,강원,6880.5,2017,1
622,충북,6946.5,2017,1
623,충남,7375.5,2017,1
624,전북,6619.799999999999,2017,1
625,전남,6857.4,2017,1
626,경북,7629.599999999999,2017,1
627,경남,7887.0,2017,1
628,제주,10309.2,2017,1
629,서울,21331.2,2017,2
630,인천,10451.1,2017,2
631,경기,11903.1,2017,2
632,부산,10701.9,2017,2
633,대구,10421.4,2017,2
634,광주,9167.4,2017,2
635,대전,8979.3,2017,2
636,울산,10767.9,2017,2
637,세종,8926.5,2017,2
638,강원,6897.0,2017,2
639,충북,6745.2,2017,2
640,충남,7378.799999999999,2017,2
641,전북,6629.7,2017,2
642,전남,6906.9,2017,2
643,경북,7613.099999999999,2017,2
644,경남,7867.2,2017,2
645,제주,10342.2,2017,2
646,서울,21021.0,2017,3
647,인천,10490.7,2017,3
648,경기,11985.6,2017,3
649,부산,10857.0,2017,3
650,대구,10560.0,2017,3
651,광주,9183.9,2017,3
652,대전,8979.3,2017,3
653,울산,10767.9,2017,3
654,세종,8926.5,2017,3
655,강원,6824.4,2017,3
656,충북,6520.799999999999,2017,3
657,충남,7382.099999999999,2017,3
658,전북,6745.2,2017,3
659,전남,6897.0,2017,3
660,경북,7560.299999999999,2017,3
661,경남,7943.099999999999,2017,3
662,제주,10220.1,2017,3
663,서울,21007.8,2017,4
664,인천,10490.7,2017,4
665,경기,11893.2,2017,4
666,부산,10853.7,2017,4
667,대구,10490.7,2017,4
668,광주,9418.2,2017,4
669,대전,9038.7,2017,4
670,울산,11807.4,2017,4
671,세종,9005.699999999999,2017,4
672,강원,6824.4,2017,4
673,충북,6732.0,2017,4
674,충남,7329.299999999999,2017,4
675,전북,6946.5,2017,4
676,전남,6949.799999999999,2017,4
677,경북,7649.4,2017,4
678,경남,7923.299999999999,2017,4
679,제주,10965.9,2017,4
680,서울,21120.0,2017,5
681,인천,10860.3,2017,5
682,경기,11464.2,2017,5
683,부산,11711.7,2017,5
684,대구,10490.7,2017,5
685,광주,9537.0,2017,5
686,대전,9038.7,2017,5
687,울산,11807.4,2017,5
688,세종,9005.699999999999,2017,5
689,강원,6877.2,2017,5
690,충북,6765.0,2017,5
691,충남,7332.599999999999,2017,5
692,전북,7029.0,2017,5
693,전남,7144.5,2017,5
694,경북,7797.9,2017,5
695,경남,7979.4,2017,5
696,제주,11414.7,2017,5
697,서울,22001.1,2017,6
698,인천,10975.8,2017,6
699,경기,11513.7,2017,6
700,부산,11932.8,2017,6
701,대구,10711.8,2017,6
702,광주,9609.6,2017,6
703,대전,9038.7,2017,6
704,울산,11820.6,2017,6
705,세종,9018.9,2017,6
706,강원,7032.299999999999,2017,6
707,충북,6741.9,2017,6
708,충남,7504.2,2017,6
709,전북,7263.299999999999,2017,6
710,전남,7085.099999999999,2017,6
711,경북,7863.9,2017,6
712,경남,8065.2,2017,6
713,제주,10804.2,2017,6
714,서울,21690.9,2017,7
715,인천,10962.6,2017,7
716,경기,11975.7,2017,7
717,부산,11926.2,2017,7
718,대구,12771.0,2017,7
719,광주,9550.2,2017,7
720,대전,9035.4,2017,7
721,울산,11820.6,2017,7
722,세종,9018.9,2017,7
723,강원,7081.799999999999,2017,7
724,충북,6741.9,2017,7
725,충남,7507.5,2017,7
726,전북,7243.5,2017,7
727,전남,7085.099999999999,2017,7
728,경북,7860.599999999999,2017,7
729,경남,8134.5,2017,7
730,제주,11005.5,2017,7
731,서울,20367.6,2017,8
732,인천,10800.9,2017,8
733,경기,12015.3,2017,8
734,부산,11843.7,2017,8
735,대구,13180.2,2017,8
736,광주,9579.9,2017,8
737,대전,9035.4,2017,8
738,울산,11820.6,2017,8
739,세종,9022.2,2017,8
740,강원,7484.4,2017,8
741,충북,6765.0,2017,8
742,충남,7448.099999999999,2017,8
743,전북,7289.7,2017,8
744,전남,7306.2,2017,8
745,경북,8055.299999999999,2017,8
746,경남,8299.5,2017,8
747,제주,11005.5,2017,8
748,서울,21473.1,2017,9
749,인천,10896.6,2017,9
750,경기,11972.4,2017,9
751,부산,11860.2,2017,9
752,대구,12668.7,2017,9
753,광주,9718.5,2017,9
754,대전,9550.2,2017,9
755,울산,11820.6,2017,9
756,세종,9101.4,2017,9
757,강원,7375.5,2017,9
758,충북,6778.2,2017,9
759,충남,7448.099999999999,2017,9
760,전북,7322.7,2017,9
761,전남,7306.2,2017,9
762,경북,8015.7,2017,9
763,경남,8283.0,2017,9
764,제주,10632.6,2017,9
765,서울,21707.4,2017,10
766,인천,10890.0,2017,10
767,경기,11962.5,2017,10
768,부산,12285.9,2017,10
769,대구,12668.7,2017,10
770,광주,9609.6,2017,10
771,대전,9005.699999999999,2017,10
772,울산,11170.5,2017,10
773,세종,9104.7,2017,10
774,강원,7520.7,2017,10
775,충북,6798.0,2017,10
776,충남,7533.9,2017,10
777,전북,7200.599999999999,2017,10
778,전남,7606.5,2017,10
779,경북,7811.099999999999,2017,10
780,경남,8038.799999999999,2017,10
781,제주,10632.6,2017,10
782,서울,21968.1,2017,11
783,인천,10890.0,2017,11
784,경기,11738.1,2017,11
785,부산,12606.0,2017,11
786,대구,12071.4,2017,11
787,광주,9553.5,2017,11
788,대전,9180.6,2017,11
789,울산,11134.2,2017,11
790,세종,9108.0,2017,11
791,강원,7652.7,2017,11
792,충북,6854.099999999999,2017,11
793,충남,7451.4,2017,11
794,전북,7260.0,2017,11
795,전남,7883.7,2017,11
796,경북,7887.0,2017,11
797,경남,8649.3,2017,11
798,제주,11748.0,2017,11
799,서울,22129.8,2017,12
800,인천,10949.4,2017,12
801,경기,11936.1,2017,12
802,부산,12678.6,2017,12
803,대구,11751.3,2017,12
804,광주,9556.8,2017,12
805,대전,8929.8,2017,12
806,울산,10434.6,2017,12
807,세종,10431.3,2017,12
808,강원,7596.599999999999,2017,12
809,충북,6854.099999999999,2017,12
810,충남,7778.099999999999,2017,12
811,전북,7345.799999999999,2017,12
812,전남,7920.0,2017,12
813,경북,7887.0,2017,12
814,경남,8896.8,2017,12
815,제주,11807.4,2017,12
816,서울,21855.9,2018,1
817,인천,10998.9,2018,1
818,경기,12691.8,2018,1
819,부산,12678.6,2018,1
820,대구,11830.5,2018,1
821,광주,9550.2,2018,1
822,대전,9055.2,2018,1
823,울산,10434.6,2018,1
824,세종,10431.3,2018,1
825,강원,7669.2,2018,1
826,충북,6854.099999999999,2018,1
827,충남,7900.2,2018,1
828,전북,7345.799999999999,2018,1
829,전남,7920.0,2018,1
830,경북,8055.299999999999,2018,1
831,경남,8896.8,2018,1
832,제주,11998.8,2018,1
833,서울,21882.3,2018,2
834,인천,11028.6,2018,2
835,경기,12790.8,2018,2
836,부산,12705.0,2018,2
837,대구,11101.2,2018,2
838,광주,9550.2,2018,2
839,대전,9527.1,2018,2
840,울산,10474.2,2018,2
841,세종,10431.3,2018,2
842,강원,7665.9,2018,2
843,충북,7147.799999999999,2018,2
844,충남,7900.2,2018,2
845,전북,7500.9,2018,2
846,전남,7774.799999999999,2018,2
847,경북,8055.299999999999,2018,2
848,경남,8903.4,2018,2
849,제주,12635.7,2018,2
850,서울,22558.8,2018,3
851,인천,11408.1,2018,3
852,경기,12790.8,2018,3
853,부산,12596.1,2018,3
854,대구,11193.6,2018,3
855,광주,9669.0,2018,3
856,대전,9527.1,2018,3
857,울산,10474.2,2018,3
858,세종,10431.3,2018,3
859,강원,7890.299999999999,2018,3
860,충북,8101.5,2018,3
861,충남,7900.2,2018,3
862,전북,7467.9,2018,3
863,전남,7748.4,2018,3
864,경북,8052.0,2018,3
865,경남,8900.1,2018,3
866,제주,12952.5,2018,3
867,서울,22575.3,2018,4
868,인천,11408.1,2018,4
869,경기,12734.7,2018,4
870,부산,12747.9,2018,4
871,대구,11629.2,2018,4
872,광주,9520.5,2018,4
873,대전,9807.6,2018,4
874,울산,10474.2,2018,4
875,세종,10332.3,2018,4
876,강원,7514.099999999999,2018,4
877,충북,8682.3,2018,4
878,충남,7900.2,2018,4
879,전북,7646.099999999999,2018,4
880,전남,7771.5,2018,4
881,경북,8052.0,2018,4
882,경남,8877.0,2018,4
883,제주,12952.5,2018,4
884,서울,22832.7,2018,5
885,인천,11338.8,2018,5
886,경기,13157.1,2018,5
887,부산,12714.9,2018,5
888,대구,12048.3,2018,5
889,광주,9589.8,2018,5
890,대전,9807.6,2018,5
891,울산,10474.2,2018,5
892,세종,10332.3,2018,5
893,강원,7553.7,2018,5
894,충북,8698.8,2018,5
895,충남,8094.9,2018,5
896,전북,7675.799999999999,2018,5
897,전남,7774.799999999999,2018,5
898,경북,8672.4,2018,5
899,경남,8893.5,2018,5
900,제주,12952.5,2018,5
901,서울,22090.2,2018,6
902,인천,11127.6,2018,6
903,경기,12959.1,2018,6
904,부산,12817.2,2018,6
905,대구,12107.7,2018,6
906,광주,9900.0,2018,6
907,대전,9807.6,2018,6
908,울산,10312.5,2018,6
909,세종,10332.3,2018,6
910,강원,7563.599999999999,2018,6
911,충북,7873.799999999999,2018,6
912,충남,8141.099999999999,2018,6
913,전북,7675.799999999999,2018,6
914,전남,7774.799999999999,2018,6
915,경북,8682.3,2018,6
916,경남,8893.5,2018,6
917,제주,12952.5,2018,6
918,서울,22506.0,2018,7
919,인천,11127.6,2018,7
920,경기,13041.6,2018,7
921,부산,13035.0,2018,7
922,대구,12249.6,2018,7
923,광주,9685.5,2018,7
924,대전,9698.7,2018,7
925,울산,10312.5,2018,7
926,세종,10332.3,2018,7
927,강원,7629.599999999999,2018,7
928,충북,7887.0,2018,7
929,충남,8141.099999999999,2018,7
930,전북,7698.9,2018,7
931,전남,7778.099999999999,2018,7
932,경북,8824.199999999999,2018,7
933,경남,8896.8,2018,7
934,제주,11002.2,2018,7
935,서울,22212.3,2018,8
936,인천,11031.9,2018,8
937,경기,13431.0,2018,8
938,부산,13107.6,2018,8
939,대구,12295.8,2018,8
940,광주,9685.5,2018,8
941,대전,9698.7,2018,8
942,울산,10312.5,2018,8
943,세종,10388.4,2018,8
944,강원,7669.2,2018,8
945,충북,7887.0,2018,8
946,충남,8071.799999999999,2018,8
947,전북,7626.299999999999,2018,8
948,전남,7778.099999999999,2018,8
949,경북,8589.9,2018,8
950,경남,8781.3,2018,8
951,제주,11002.2,2018,8
952,서울,23080.2,2018,9
953,인천,11031.9,2018,9
954,경기,13510.2,2018,9
955,부산,13497.0,2018,9
956,대구,12342.0,2018,9
957,광주,9672.3,2018,9
958,대전,11111.1,2018,9
959,울산,10312.5,2018,9
960,세종,10388.4,2018,9
961,강원,7685.7,2018,9
962,충북,7867.2,2018,9
963,충남,8071.799999999999,2018,9
964,전북,7626.299999999999,2018,9
965,전남,7761.599999999999,2018,9
966,경북,8721.9,2018,9
967,경남,9061.8,2018,9
968,제주,11002.2,2018,9
969,서울,24347.4,2018,10
970,인천,11352.0,2018,10
971,경기,13648.8,2018,10
972,부산,13318.8,2018,10
973,대구,12536.7,2018,10
974,광주,10045.2,2018,10
975,대전,11055.0,2018,10
976,울산,9537.0,2018,10
977,세종,10388.4,2018,10
978,강원,7778.099999999999,2018,10
979,충북,7867.2,2018,10
980,충남,8071.799999999999,2018,10
981,전북,7659.299999999999,2018,10
982,전남,7788.0,2018,10
983,경북,8662.5,2018,10
984,경남,9223.5,2018,10
985,제주,11002.2,2018,10
986,서울,24317.7,2018,11
987,인천,11724.9,2018,11
988,경기,13698.3,2018,11
989,부산,13332.0,2018,11
990,대구,12622.5,2018,11
991,광주,10563.3,2018,11
992,대전,11055.0,2018,11
993,울산,9537.0,2018,11
994,세종,10388.4,2018,11
995,강원,7873.799999999999,2018,11
996,충북,7811.099999999999,2018,11
997,충남,7989.299999999999,2018,11
998,전북,7731.9,2018,11
999,전남,7715.4,2018,11
1000,경북,8847.3,2018,11
1001,경남,9230.1,2018,11
1002,제주,10936.2,2018,11
1003,서울,24413.4,2018,12
1004,인천,11708.4,2018,12
1005,경기,13777.5,2018,12
1006,부산,13424.4,2018,12
1007,대구,12952.5,2018,12
1008,광주,10837.2,2018,12
1009,대전,12012.0,2018,12
1010,울산,10312.5,2018,12
1011,세종,10081.5,2018,12
1012,강원,7675.799999999999,2018,12
1013,충북,7811.099999999999,2018,12
1014,충남,7969.5,2018,12
1015,전북,7854.0,2018,12
1016,전남,7883.7,2018,12
1017,경북,8847.3,2018,12
1018,경남,9675.6,2018,12
1019,제주,11299.2,2018,12
1020,서울,25080.0,2019,1
1021,인천,11823.9,2019,1
1022,경기,14051.4,2019,1
1023,부산,13424.4,2019,1
1024,대구,13143.9,2019,1
1025,광주,10926.3,2019,1
1026,대전,12173.7,2019,1
1027,울산,10362.0,2019,1
1028,세종,10081.5,2019,1
1029,강원,7784.7,2019,1
1030,충북,7811.099999999999,2019,1
1031,충남,8127.9,2019,1
1032,전북,7854.0,2019,1
1033,전남,7966.2,2019,1
1034,경북,8705.4,2019,1
1035,경남,9675.6,2019,1
1036,제주,11299.2,2019,1
1037,서울,25169.1,2019,2
1038,인천,11847.0,2019,2
1039,경기,14044.8,2019,2
1040,부산,13424.4,2019,2
1041,대구,13160.4,2019,2
1042,광주,10926.3,2019,2
1043,대전,12173.7,2019,2
1044,울산,10362.0,2019,2
1045,세종,10081.5,2019,2
1046,강원,7784.7,2019,2
1047,충북,7550.4,2019,2
1048,충남,8484.3,2019,2
1049,전북,7873.799999999999,2019,2
1050,전남,7959.599999999999,2019,2
1051,경북,8751.6,2019,2
1052,경남,9675.6,2019,2
1053,제주,11299.2,2019,2
1054,서울,25647.6,2019,3
1055,인천,12150.6,2019,3
1056,경기,14417.7,2019,3
1057,부산,13424.4,2019,3
1058,대구,13117.5,2019,3
1059,광주,10926.3,2019,3
1060,대전,11913.0,2019,3
1061,울산,10362.0,2019,3
1062,세종,10081.5,2019,3
1063,강원,7936.5,2019,3
1064,충북,7560.299999999999,2019,3
1065,충남,8570.1,2019,3
1066,전북,8091.599999999999,2019,3
1067,전남,7880.4,2019,3
1068,경북,8741.699999999999,2019,3
1069,경남,9494.1,2019,3
1070,제주,11299.2,2019,3
1071,서울,25687.2,2019,4
1072,인천,12150.6,2019,4
1073,경기,14556.3,2019,4
1074,부산,12959.1,2019,4
1075,대구,13249.5,2019,4
1076,광주,10932.9,2019,4
1077,대전,11820.6,2019,4
1078,울산,10362.0,2019,4
1079,세종,11411.4,2019,4
1080,강원,8362.199999999999,2019,4
1081,충북,7596.599999999999,2019,4
1082,충남,8609.699999999999,2019,4
1083,전북,7953.0,2019,4
1084,전남,7623.0,2019,4
1085,경북,8642.699999999999,2019,4
1086,경남,9348.9,2019,4
1087,제주,11355.3,2019,4
1088,서울,25693.8,2019,5
1089,인천,12807.3,2019,5
1090,경기,14358.3,2019,5
1091,부산,12949.2,2019,5
1092,대구,13579.5,2019,5
1093,광주,11602.8,2019,5
1094,대전,11820.6,2019,5
1095,울산,10362.0,2019,5
1096,세종,11411.4,2019,5
1097,강원,8236.8,2019,5
1098,충북,7580.099999999999,2019,5
1099,충남,8916.6,2019,5
1100,전북,8147.7,2019,5
1101,전남,7484.4,2019,5
1102,경북,8378.699999999999,2019,5
1103,경남,9705.3,2019,5
1104,제주,11355.3,2019,5
1105,서울,26730.0,2019,6
1106,인천,12827.1,2019,6
1107,경기,14952.3,2019,6
1108,부산,12889.8,2019,6
1109,대구,13747.8,2019,6
1110,광주,11863.5,2019,6
1111,대전,11470.8,2019,6
1112,울산,10362.0,2019,6
1113,세종,11411.4,2019,6
1114,강원,8276.4,2019,6
1115,충북,7679.099999999999,2019,6
1116,충남,8639.4,2019,6
1117,전북,8147.7,2019,6
1118,전남,7656.0,2019,6
1119,경북,8378.699999999999,2019,6
1120,경남,9791.1,2019,6
1121,제주,12355.2,2019,6
1122,서울,26621.1,2019,7
1123,인천,12827.1,2019,7
1124,경기,14147.1,2019,7
1125,부산,12777.6,2019,7
1126,대구,14180.1,2019,7
1127,광주,12381.6,2019,7
1128,대전,11474.1,2019,7
1129,울산,10362.0,2019,7
1130,세종,11411.4,2019,7
1131,강원,8220.3,2019,7
1132,충북,7557.0,2019,7
1133,충남,8811.0,2019,7
1134,전북,8210.4,2019,7
1135,전남,7722.0,2019,7
1136,경북,8378.699999999999,2019,7
1137,경남,9791.1,2019,7
1138,제주,12767.7,2019,7
1139,서울,26706.9,2019,8
1140,인천,13005.3,2019,8
1141,경기,14331.9,2019,8
1142,부산,12972.3,2019,8
1143,대구,14239.5,2019,8
1144,광주,12279.3,2019,8
1145,대전,11170.5,2019,8
1146,울산,10362.0,2019,8
1147,세종,11411.4,2019,8
1148,강원,8223.6,2019,8
1149,충북,7388.7,2019,8
1150,충남,8715.3,2019,8
1151,전북,8679.0,2019,8
1152,전남,7735.2,2019,8
1153,경북,8682.3,2019,8
1154,경남,9824.1,2019,8
1155,제주,12767.7,2019,8
1156,서울,26680.5,2019,9
1157,인천,13005.3,2019,9
1158,경기,14655.3,2019,9
1159,부산,13275.9,2019,9
1160,대구,14381.4,2019,9
1161,광주,12279.3,2019,9
1162,대전,11358.6,2019,9
1163,울산,8992.5,2019,9
1164,세종,11411.4,2019,9
1165,강원,8190.599999999999,2019,9
1166,충북,7467.9,2019,9
1167,충남,8523.9,2019,9
1168,전북,8679.0,2019,9
1169,전남,8187.299999999999,2019,9
1170,경북,8771.4,2019,9
1171,경남,9883.5,2019,9
1172,제주,12767.7,2019,9
1173,서울,26700.3,2019,10
1174,인천,13025.1,2019,10
1175,경기,14589.3,2019,10
1176,부산,13332.0,2019,10
1177,대구,14536.5,2019,10
1178,광주,12444.3,2019,10
1179,대전,11985.6,2019,10
1180,울산,10362.0,2019,10
1181,세종,11411.4,2019,10
1182,강원,8118.0,2019,10
1183,충북,7497.599999999999,2019,10
1184,충남,8586.6,2019,10
1185,전북,8434.8,2019,10
1186,전남,8230.199999999999,2019,10
1187,경북,9616.2,2019,10
1188,경남,10589.7,2019,10
1189,제주,12767.7,2019,10
1190,서울,26604.6,2019,11
1191,인천,12942.6,2019,11
1192,경기,14694.9,2019,11
1193,부산,13150.5,2019,11
1194,대구,14460.6,2019,11
1195,광주,12658.8,2019,11
1196,대전,11985.6,2019,11
1197,울산,10362.0,2019,11
1198,세종,11411.4,2019,11
1199,강원,8283.0,2019,11
1200,충북,7599.9,2019,11
1201,충남,8586.6,2019,11
1202,전북,8144.4,2019,11
1203,전남,8292.9,2019,11
1204,경북,9616.2,2019,11
1205,경남,10563.3,2019,11
1206,제주,12810.6,2019,11
1207,서울,26251.5,2019,12
1208,인천,13206.6,2019,12
1209,경기,14826.9,2019,12
1210,부산,12817.2,2019,12
1211,대구,14427.6,2019,12
1212,광주,12652.2,2019,12
1213,대전,11985.6,2019,12
1214,울산,10371.9,2019,12
1215,세종,11411.4,2019,12
1216,강원,8283.0,2019,12
1217,충북,7606.5,2019,12
1218,충남,8712.0,2019,12
1219,전북,8144.4,2019,12
1220,전남,8091.599999999999,2019,12
1221,경북,9616.2,2019,12
1222,경남,10107.9,2019,12
1223,제주,12810.6,2019,12
1224,서울,26799.3,2020,1
1225,인천,13216.5,2020,1
1226,경기,14859.9,2020,1
1227,부산,12817.2,2020,1
1228,대구,14586.0,2020,1
1229,광주,12681.9,2020,1
1230,대전,11985.6,2020,1
1231,울산,10371.9,2020,1
1232,세종,11411.4,2020,1
1233,강원,8207.1,2020,1
1234,충북,7606.5,2020,1
1235,충남,8712.0,2020,1
1236,전북,8144.4,2020,1
1237,전남,8200.5,2020,1
1238,경북,10144.2,2020,1
1239,경남,10107.9,2020,1
1240,제주,13051.5,2020,1
1241,서울,26307.6,2020,2
1242,인천,13477.2,2020,2
1243,경기,14856.6,2020,2
1244,부산,12949.2,2020,2
1245,대구,14586.0,2020,2
1246,광주,12681.9,2020,2
1247,대전,11985.6,2020,2
1248,울산,10371.9,2020,2
1249,세종,11411.4,2020,2
1250,강원,8325.9,2020,2
1251,충북,7903.5,2020,2
1252,충남,8593.199999999999,2020,2
1253,전북,8144.4,2020,2
1254,전남,8269.8,2020,2
1255,경북,8431.5,2020,2
1256,경남,10107.9,2020,2
1257,제주,13051.5,2020,2
1258,서울,26495.7,2020,3
1259,인천,14058.0,2020,3
1260,경기,14770.8,2020,3
1261,부산,13035.0,2020,3
1262,대구,14843.4,2020,3
1263,광주,12681.9,2020,3
1264,대전,11226.6,2020,3
1265,울산,10371.9,2020,3
1266,세종,11411.4,2020,3
1267,강원,8144.4,2020,3
1268,충북,7920.0,2020,3
1269,충남,8606.4,2020,3
1270,전북,8144.4,2020,3
1271,전남,8500.8,2020,3
1272,경북,8431.5,2020,3
1273,경남,9794.4,2020,3
1274,제주,13051.5,2020,3
1275,서울,26367.0,2020,4
1276,인천,14067.9,2020,4
1277,경기,15057.9,2020,4
1278,부산,12896.4,2020,4
1279,대구,15100.8,2020,4
1280,광주,12685.2,2020,4
1281,대전,11074.8,2020,4
1282,울산,10371.9,2020,4
1283,세종,11355.3,2020,4
1284,강원,8708.699999999999,2020,4
1285,충북,7920.0,2020,4
1286,충남,8708.699999999999,2020,4
1287,전북,8259.9,2020,4
1288,전남,8550.3,2020,4
1289,경북,8807.699999999999,2020,4
1290,경남,10404.9,2020,4
1291,제주,13480.5,2020,4
1292,서울,27030.3,2020,5
1293,인천,14338.5,2020,5
1294,경기,13942.5,2020,5
1295,부산,13272.6,2020,5
1296,대구,15335.1,2020,5
1297,광주,12648.9,2020,5
1298,대전,11008.8,2020,5
1299,울산,10969.2,2020,5
1300,세종,11355.3,2020,5
1301,강원,8784.6,2020,5
1302,충북,7936.5,2020,5
1303,충남,8735.1,2020,5
1304,전북,8184.0,2020,5
1305,전남,8576.699999999999,2020,5
1306,경북,8807.699999999999,2020,5
1307,경남,9969.3,2020,5
1308,제주,14902.8,2020,5
1309,서울,27558.3,2020,6
1310,인천,14661.9,2020,6
1311,경기,13586.1,2020,6
1312,부산,13272.6,2020,6
1313,대구,15173.4,2020,6
1314,광주,12599.4,2020,6
1315,대전,11246.4,2020,6
1316,울산,12371.7,2020,6
1317,세종,11355.3,2020,6
1318,강원,9084.9,2020,6
1319,충북,7949.7,2020,6
1320,충남,8847.3,2020,6
1321,전북,8259.9,2020,6
1322,전남,8566.8,2020,6
1323,경북,8807.699999999999,2020,6
1324,경남,10329.0,2020,6
1325,제주,14922.6,2020,6
1326,서울,26763.0,2020,7
1327,인천,14635.5,2020,7
1328,경기,14322.0,2020,7
1329,부산,13467.3,2020,7
1330,대구,15312.0,2020,7
1331,광주,12688.5,2020,7
1332,대전,11051.7,2020,7
1333,울산,12790.8,2020,7
1334,세종,11355.3,2020,7
1335,강원,9457.8,2020,7
1336,충북,7949.7,2020,7
1337,충남,8936.4,2020,7
1338,전북,8190.599999999999,2020,7
1339,전남,8553.6,2020,7
1340,경북,9744.9,2020,7
1341,경남,10276.2,2020,7
1342,제주,15338.4,2020,7
1343,서울,26723.4,2020,8
1344,인천,15318.6,2020,8
1345,경기,13972.2,2020,8
1346,부산,13266.0,2020,8
1347,대구,15292.2,2020,8
1348,광주,12190.2,2020,8
1349,대전,10982.4,2020,8
1350,울산,13645.5,2020,8
1351,세종,11355.3,2020,8
1352,강원,9867.0,2020,8
1353,충북,7929.9,2020,8
1354,충남,8946.3,2020,8
1355,전북,8190.599999999999,2020,8
1356,전남,8873.699999999999,2020,8
1357,경북,10216.8,2020,8
1358,경남,10276.2,2020,8
1359,제주,15338.4,2020,8
1360,서울,26776.2,2020,9
1361,인천,15318.6,2020,9
1362,경기,14097.6,2020,9
1363,부산,13266.0,2020,9
1364,대구,15325.2,2020,9
1365,광주,12282.6,2020,9
1366,대전,10827.3,2020,9
1367,울산,13734.6,2020,9
1368,세종,11355.3,2020,9
1369,강원,10322.4,2020,9
1370,충북,7900.2,2020,9
1371,충남,9015.6,2020,9
1372,전북,8309.4,2020,9
1373,전남,8853.9,2020,9
1374,경북,10216.8,2020,9
1375,경남,10276.2,2020,9
1376,제주,15338.4,2020,9
1377,서울,26660.7,2020,10
1378,인천,15576.0,2020,10
1379,경기,14341.8,2020,10
1380,부산,13114.2,2020,10
1381,대구,15404.4,2020,10
1382,광주,12282.6,2020,10
1383,대전,10579.8,2020,10
1384,울산,13803.9,2020,10
1385,세종,11299.2,2020,10
1386,강원,10322.4,2020,10
1387,충북,7893.599999999999,2020,10
1388,충남,8880.3,2020,10
1389,전북,8487.6,2020,10
1390,전남,8969.4,2020,10
1391,경북,10114.5,2020,10
1392,경남,10253.1,2020,10
1393,제주,15338.4,2020,10
1394,서울,27172.2,2020,11
1395,인천,15737.7,2020,11
1396,경기,14318.7,2020,11
1397,부산,13569.6,2020,11
1398,대구,15457.2,2020,11
1399,광주,12358.5,2020,11
1400,대전,10579.8,2020,11
1401,울산,13803.9,2020,11
1402,세종,11299.2,2020,11
1403,강원,10395.0,2020,11
1404,충북,8078.4,2020,11
1405,충남,9180.6,2020,11
1406,전북,8679.0,2020,11
1407,전남,9104.7,2020,11
1408,경북,10470.9,2020,11
1409,경남,10272.9,2020,11
1410,제주,15338.4,2020,11
1411,서울,28267.8,2020,12
1412,인천,15681.6,2020,12
1413,경기,14473.8,2020,12
1414,부산,14044.8,2020,12
1415,대구,15325.2,2020,12
1416,광주,12219.9,2020,12
1417,대전,10579.8,2020,12
1418,울산,13827.0,2020,12
1419,세종,11299.2,2020,12
1420,강원,10355.4,2020,12
1421,충북,8527.199999999999,2020,12
1422,충남,9111.3,2020,12
1423,전북,8811.0,2020,12
1424,전남,9342.3,2020,12
1425,경북,10345.5,2020,12
1426,경남,9860.4,2020,12
1427,제주,15338.4,2020,12
1428,서울,28267.8,2021,1
1429,인천,15602.4,2021,1
1430,경기,14414.4,2021,1
1431,부산,14038.2,2021,1
1432,대구,15354.9,2021,1
1433,광주,12906.3,2021,1
1434,대전,10579.8,2021,1
1435,울산,13787.4,2021,1
1436,세종,12533.4,2021,1
1437,강원,10355.4,2021,1
1438,충북,8527.199999999999,2021,1
1439,충남,9111.3,2021,1
1440,전북,8708.699999999999,2021,1
1441,전남,9329.1,2021,1
1442,경북,10345.5,2021,1
1443,경남,9860.4,2021,1
1444,제주,17156.7,2021,1
1445,서울,28182.0,2021,2
1446,인천,15651.9,2021,2
1447,경기,14460.6,2021,2
1448,부산,14163.6,2021,2
1449,대구,15328.5,2021,2
1450,광주,13902.9,2021,2
1451,대전,11358.6,2021,2
1452,울산,13787.4,2021,2
1453,세종,12533.4,2021,2
1454,강원,10401.6,2021,2
1455,충북,8606.4,2021,2
1456,충남,9141.0,2021,2
1457,전북,8718.6,2021,2
1458,전남,9827.4,2021,2
1459,경북,10107.9,2021,2
1460,경남,10309.2,2021,2
1461,제주,17156.7,2021,2
1462,서울,28290.9,2021,3
1463,인천,15717.9,2021,3
1464,경기,14440.8,2021,3
1465,부산,14163.6,2021,3
1466,대구,15470.4,2021,3
1467,광주,13919.4,2021,3
1468,대전,11358.6,2021,3
1469,울산,13965.6,2021,3
1470,세종,12533.4,2021,3
1471,강원,9576.6,2021,3
1472,충북,8619.6,2021,3
1473,충남,9124.5,2021,3
1474,전북,8718.6,2021,3
1475,전남,9909.9,2021,3
1476,경북,10107.9,2021,3
1477,경남,10404.9,2021,3
1478,제주,23756.7,2021,3
1479,서울,28135.8,2021,4
1480,인천,15549.6,2021,4
1481,경기,14364.9,2021,4
1482,부산,14427.6,2021,4
1483,대구,15536.4,2021,4
1484,광주,13919.4,2021,4
1485,대전,11484.0,2021,4
1486,울산,14312.1,2021,4
1487,세종,12533.4,2021,4
1488,강원,9504.0,2021,4
1489,충북,8586.6,2021,4
1490,충남,9170.7,2021,4
1491,전북,8761.5,2021,4
1492,전남,9669.0,2021,4
1493,경북,10190.4,2021,4
1494,경남,10296.0,2021,4
1495,제주,23756.7,2021,4
1496,서울,28597.8,2021,5
1497,인천,15189.9,2021,5
1498,경기,13982.1,2021,5
1499,부산,14579.4,2021,5
1500,대구,15519.9,2021,5
1501,광주,13978.8,2021,5
1502,대전,12213.3,2021,5
1503,울산,14586.0,2021,5
1504,세종,12533.4,2021,5
1505,강원,9454.5,2021,5
1506,충북,8586.6,2021,5
1507,충남,9177.3,2021,5
1508,전북,8853.9,2021,5
1509,전남,9659.1,2021,5
1510,경북,9989.1,2021,5
1511,경남,10197.0,2021,5
1512,제주,24783.0,2021,5
1513,서울,29142.3,2021,6
1514,인천,14883.0,2021,6
1515,경기,13797.3,2021,6
1516,부산,14539.8,2021,6
1517,대구,15496.8,2021,6
1518,광주,14173.5,2021,6
1519,대전,12196.8,2021,6
1520,울산,14701.5,2021,6
1521,세종,12533.4,2021,6
1522,강원,9639.3,2021,6
1523,충북,8669.1,2021,6
1524,충남,9266.4,2021,6
1525,전북,8814.3,2021,6
1526,전남,10074.9,2021,6
1527,경북,10061.7,2021,6
1528,경남,10230.0,2021,6
1529,제주,24783.0,2021,6
1530,서울,30396.3,2021,7
1531,인천,14859.9,2021,7
1532,경기,13688.4,2021,7
1533,부산,14493.6,2021,7
1534,대구,15467.1,2021,7
1535,광주,14163.6,2021,7
1536,대전,12196.8,2021,7
1537,울산,14747.7,2021,7
1538,세종,12553.2,2021,7
1539,강원,9253.2,2021,7
1540,충북,8685.6,2021,7
1541,충남,9345.6,2021,7
1542,전북,8893.5,2021,7
1543,전남,10249.8,2021,7
1544,경북,10602.9,2021,7
1545,경남,10665.6,2021,7
1546,제주,27574.8,2021,7
1547,서울,31346.7,2021,8
1548,인천,14239.5,2021,8
1549,경기,13747.8,2021,8
1550,부산,14381.4,2021,8
1551,대구,15536.4,2021,8
1552,광주,14160.3,2021,8
1553,대전,12196.8,2021,8
1554,울산,14364.9,2021,8
1555,세종,12553.2,2021,8
1556,강원,9253.2,2021,8
1557,충북,8698.8,2021,8
1558,충남,9500.7,2021,8
1559,전북,8877.0,2021,8
1560,전남,10490.7,2021,8
1561,경북,10602.9,2021,8
1562,경남,10642.5,2021,8
1563,제주,27574.8,2021,8
1564,서울,31353.3,2021,9
1565,인천,14239.5,2021,9
1566,경기,13949.1,2021,9
1567,부산,14381.4,2021,9
1568,대구,15675.0,2021,9
1569,광주,14315.4,2021,9
1570,대전,12266.1,2021,9
1571,울산,14199.9,2021,9
1572,세종,12553.2,2021,9
1573,강원,9428.1,2021,9
1574,충북,8731.8,2021,9
1575,충남,9543.6,2021,9
1576,전북,8715.3,2021,9
1577,전남,10487.4,2021,9
1578,경북,10345.5,2021,9
1579,경남,10873.5,2021,9
1580,제주,27574.8,2021,9
1581,서울,31884.6,2021,10
1582,인천,14242.8,2021,10
1583,경기,13866.6,2021,10
1584,부산,14586.0,2021,10
1585,대구,15582.6,2021,10
1586,광주,14094.3,2021,10
1587,대전,12351.9,2021,10
1588,울산,14199.9,2021,10
1589,세종,12767.7,2021,10
1590,강원,9804.3,2021,10
1591,충북,8731.8,2021,10
1592,충남,9629.4,2021,10
1593,전북,8860.5,2021,10
1594,전남,9886.8,2021,10
1595,경북,10332.3,2021,10
1596,경남,10969.2,2021,10
1597,제주,22638.0,2021,10
1598,서울,32841.6,2021,11
1599,인천,14704.8,2021,11
1600,경기,14774.1,2021,11
1601,부산,15226.2,2021,11
1602,대구,15721.2,2021,11
1603,광주,14180.1,2021,11
1604,대전,12351.9,2021,11
1605,울산,14199.9,2021,11
1606,세종,12767.7,2021,11
1607,강원,9929.7,2021,11
1608,충북,8725.199999999999,2021,11
1609,충남,9471.0,2021,11
1610,전북,8976.0,2021,11
1611,전남,9764.7,2021,11
1612,경북,10434.6,2021,11
1613,경남,10692.0,2021,11
1614,제주,22638.0,2021,11
1615,서울,32943.9,2021,12
1616,인천,15018.3,2021,12
1617,경기,14711.4,2021,12
1618,부산,16767.3,2021,12
1619,대구,16008.3,2021,12
1620,광주,14536.5,2021,12
1621,대전,12414.6,2021,12
1622,울산,14447.4,2021,12
1623,세종,12338.7,2021,12
1624,강원,10002.3,2021,12
1625,충북,9005.699999999999,2021,12
1626,충남,9665.7,2021,12
1627,전북,9164.1,2021,12
1628,전남,9543.6,2021,12
1629,경북,10880.1,2021,12
1630,경남,10919.7,2021,12
1631,제주,21694.2,2021,12
1632,서울,31620.6,2022,1
1633,인천,15265.8,2022,1
1634,경기,15071.1,2022,1
1635,부산,16945.5,2022,1
1636,대구,15981.9,2022,1
1637,광주,14576.1,2022,1
1638,대전,13157.1,2022,1
1639,울산,14671.8,2022,1
1640,세종,11926.2,2022,1
1641,강원,10002.3,2022,1
1642,충북,9075.0,2022,1
1643,충남,9834.0,2022,1
1644,전북,9378.6,2022,1
1645,전남,9890.1,2022,1
1646,경북,10880.1,2022,1
1647,경남,10936.2,2022,1
1648,제주,21694.2,2022,1
1649,서울,32396.1,2022,2
1650,인천,15219.6,2022,2
1651,경기,15724.5,2022,2
1652,부산,17120.399999999998,2022,2
1653,대구,16397.7,2022,2
1654,광주,14572.8,2022,2
1655,대전,13226.4,2022,2
1656,울산,14671.8,2022,2
1657,세종,11926.2,2022,2
1658,강원,10131.0,2022,2
1659,충북,9042.0,2022,2
1660,충남,9837.3,2022,2
1661,전북,9454.5,2022,2
1662,전남,10124.4,2022,2
1663,경북,11282.7,2022,2
1664,경남,11048.4,2022,2
1665,제주,21093.6,2022,2
1666,서울,31835.1,2022,3
1667,인천,15262.5,2022,3
1668,경기,15793.8,2022,3
1669,부산,16899.3,2022,3
1670,대구,16424.1,2022,3
1671,광주,14995.2,2022,3
1672,대전,13226.4,2022,3
1673,울산,15889.5,2022,3
1674,세종,11926.2,2022,3
1675,강원,10355.4,2022,3
1676,충북,9028.8,2022,3
1677,충남,10015.5,2022,3
1678,전북,9434.7,2022,3
1679,전남,10114.5,2022,3
1680,경북,11282.7,2022,3
1681,경남,11187.0,2022,3
1682,제주,19239.0,2022,3
1683,서울,32244.3,2022,4
1684,인천,15671.7,2022,4
1685,경기,15879.6,2022,4
1686,부산,16899.3,2022,4
1687,대구,16150.2,2022,4
1688,광주,14995.2,2022,4
1689,대전,13681.8,2022,4
1690,울산,18225.9,2022,4
1691,세종,11926.2,2022,4
1692,강원,10503.9,2022,4
1693,충북,9372.0,2022,4
1694,충남,10041.9,2022,4
1695,전북,9510.6,2022,4
1696,전남,10233.3,2022,4
1697,경북,11319.0,2022,4
1698,경남,12021.9,2022,4
1699,제주,19239.0,2022,4
1700,서울,28215.0,2022,5
1701,인천,15807.0,2022,5
1702,경기,16031.4,2022,5
1703,부산,17526.3,2022,5
1704,대구,16047.9,2022,5
1705,광주,14991.9,2022,5
1706,대전,13714.8,2022,5
1707,울산,18018.0,2022,5
1708,세종,11926.2,2022,5
1709,강원,10560.0,2022,5
1710,충북,9682.2,2022,5
1711,충남,10094.7,2022,5
1712,전북,9537.0,2022,5
1713,전남,10269.6,2022,5
1714,경북,11738.1,2022,5
1715,경남,12061.5,2022,5
1716,제주,19239.0,2022,5
1717,서울,28215.0,2022,6
1718,인천,15899.4,2022,6
1719,경기,16262.4,2022,6
1720,부산,17938.8,2022,6
1721,대구,16427.399999999998,2022,6
1722,광주,15364.8,2022,6
1723,대전,13761.0,2022,6
1724,울산,17981.7,2022,6
1725,세종,11926.2,2022,6
1726,강원,10682.1,2022,6
1727,충북,9876.9,2022,6
1728,충남,10114.5,2022,6
1729,전북,9989.1,2022,6
1730,전남,10269.6,2022,6
1731,경북,11639.1,2022,6
1732,경남,11929.5,2022,6
1733,제주,19239.0,2022,6
1734,서울,28215.0,2022,7
1735,인천,16331.7,2022,7
1736,경기,16354.8,2022,7
1737,부산,17991.6,2022,7
1738,대구,16797.0,2022,7
1739,광주,15397.8,2022,7
1740,대전,13761.0,2022,7
1741,울산,17981.7,2022,7
1742,세종,10586.4,2022,7
1743,강원,10725.0,2022,7
1744,충북,9906.6,2022,7
1745,충남,10213.5,2022,7
1746,전북,9995.7,2022,7
1747,전남,10256.4,2022,7
1748,경북,11345.4,2022,7
1749,경남,11969.1,2022,7
1750,제주,19239.0,2022,7
1751,서울,27300.9,2022,8
1752,인천,17044.5,2022,8
1753,경기,16579.2,2022,8
1754,부산,17938.8,2022,8
1755,대구,16780.5,2022,8
1756,광주,15628.8,2022,8
1757,대전,13761.0,2022,8
1758,울산,17932.2,2022,8
1759,세종,10586.4,2022,8
1760,강원,10824.0,2022,8
1761,충북,9903.3,2022,8
1762,충남,10395.0,2022,8
1763,전북,10104.6,2022,8
1764,전남,10197.0,2022,8
1765,경북,11447.7,2022,8
1766,경남,11926.2,2022,8
1767,제주,21542.4,2022,8
1768,서울,28059.9,2022,9
1769,인천,17123.7,2022,9
1770,경기,17008.2,2022,9
1771,부산,18011.399999999998,2022,9
1772,대구,16764.0,2022,9
1773,광주,15358.2,2022,9
1774,대전,14289.0,2022,9
1775,울산,17932.2,2022,9
1776,세종,10586.4,2022,9
1777,강원,10880.1,2022,9
1778,충북,9985.8,2022,9
1779,충남,10395.0,2022,9
1780,전북,10190.4,2022,9
1781,전남,10639.2,2022,9
1782,경북,11949.3,2022,9
1783,경남,11988.9,2022,9
1784,제주,21542.4,2022,9
1785,서울,28059.9,2022,10
1786,인천,16602.3,2022,10
1787,경기,17282.1,2022,10
1788,부산,18470.1,2022,10
1789,대구,16859.7,2022,10
1790,광주,15589.2,2022,10
1791,대전,15107.4,2022,10
1792,울산,18123.6,2022,10
1793,세종,10586.4,2022,10
1794,강원,11398.2,2022,10
1795,충북,9969.3,2022,10
1796,충남,10919.7,2022,10
1797,전북,10243.2,2022,10
1798,전남,10659.0,2022,10
1799,경북,12012.0,2022,10
1800,경남,11889.9,2022,10
1801,제주,22159.5,2022,10
1802,서울,29835.3,2022,11
1803,인천,16641.899999999998,2022,11
1804,경기,16585.8,2022,11
1805,부산,19823.1,2022,11
1806,대구,16566.0,2022,11
1807,광주,15684.9,2022,11
1808,대전,15137.1,2022,11
1809,울산,18932.1,2022,11
1810,세종,10586.4,2022,11
1811,강원,12398.1,2022,11
1812,충북,9969.3,2022,11
1813,충남,11051.7,2022,11
1814,전북,10411.5,2022,11
1815,전남,10718.4,2022,11
1816,경북,12081.3,2022,11
1817,경남,11863.5,2022,11
1818,제주,22159.5,2022,11
1819,서울,29779.2,2022,12
1820,인천,16655.1,2022,12
1821,경기,17169.899999999998,2022,12
1822,부산,19456.8,2022,12
1823,대구,16899.3,2022,12
1824,광주,14625.6,2022,12
1825,대전,15298.8,2022,12
1826,울산,18321.6,2022,12
1827,세종,12279.3,2022,12
1828,강원,12688.5,2022,12
1829,충북,10520.4,2022,12
1830,충남,11035.2,2022,12
1831,전북,10381.8,2022,12
1832,전남,10596.3,2022,12
1833,경북,12289.2,2022,12
1834,경남,11860.2,2022,12
1835,제주,22951.5,2022,12
1836,서울,30630.6,2023,1
1837,인천,16625.399999999998,2023,1
1838,경기,17239.2,2023,1
1839,부산,19456.8,2023,1
1840,대구,16958.7,2023,1
1841,광주,17268.899999999998,2023,1
1842,대전,15440.7,2023,1
1843,울산,18321.6,2023,1
1844,세종,12279.3,2023,1
1845,강원,12688.5,2023,1
1846,충북,10520.4,2023,1
1847,충남,11338.8,2023,1
1848,전북,10381.8,2023,1
1849,전남,10616.1,2023,1
1850,경북,12516.9,2023,1
1851,경남,11929.5,2023,1
1852,제주,22951.5,2023,1
1853,서울,30445.8,2023,2
1854,인천,16288.8,2023,2
1855,경기,17252.399999999998,2023,2
1856,부산,19116.9,2023,2
1857,대구,17087.399999999998,2023,2
1858,광주,15275.7,2023,2
1859,대전,15556.2,2023,2
1860,울산,18321.6,2023,2
1861,세종,12279.3,2023,2
1862,강원,12688.5,2023,2
1863,충북,10589.7,2023,2
1864,충남,11738.1,2023,2
1865,전북,10381.8,2023,2
1866,전남,10946.1,2023,2
1867,경북,12513.6,2023,2
1868,경남,11823.9,2023,2
1869,제주,22948.2,2023,2
1870,서울,30624.0,2023,3
1871,인천,16391.1,2023,3
1872,경기,18202.8,2023,3
1873,부산,19199.4,2023,3
1874,대구,17087.399999999998,2023,3
1875,광주,16651.8,2023,3
1876,대전,15556.2,2023,3
1877,울산,18423.9,2023,3
1878,세종,12279.3,2023,3
1879,강원,12939.3,2023,3
1880,충북,10635.9,2023,3
1881,충남,11738.1,2023,3
1882,전북,10645.8,2023,3
1883,전남,10942.8,2023,3
1884,경북,12513.6,2023,3
1885,경남,11962.5,2023,3
1886,제주,23740.2,2023,3
1887,서울,30643.8,2023,4
1888,인천,16397.7,2023,4
1889,경기,19133.4,2023,4
1890,부산,19371.0,2023,4
1891,대구,17087.399999999998,2023,4
1892,광주,16651.8,2023,4
1893,대전,16153.5,2023,4
1894,울산,18423.9,2023,4
1895,세종,12279.3,2023,4
1896,강원,12969.0,2023,4
1897,충북,10794.3,2023,4
1898,충남,11748.0,2023,4
1899,전북,10942.8,2023,4
1900,전남,10939.5,2023,4
1901,경북,12513.6,2023,4
1902,경남,11936.1,2023,4
1903,제주,23740.2,2023,4
1904,서울,31066.2,2023,5
1905,인천,16470.3,2023,5
1906,경기,19163.1,2023,5
1907,부산,20093.7,2023,5
1908,대구,18047.7,2023,5
1909,광주,18176.4,2023,5
1910,대전,16153.5,2023,5
1911,울산,17869.5,2023,5
1912,세종,12279.3,2023,5
1913,강원,12969.0,2023,5
1914,충북,10546.8,2023,5
1915,충남,11757.9,2023,5
1916,전북,10942.8,2023,5
1917,전남,11226.6,2023,5
1918,경북,12305.7,2023,5
1919,경남,11536.8,2023,5
1920,제주,23740.2,2023,5
1921,서울,31927.5,2023,6
1922,인천,16460.399999999998,2023,6
1923,경기,19364.4,2023,6
1924,부산,20621.7,2023,6
1925,대구,16968.6,2023,6
1926,광주,18176.4,2023,6
1927,대전,16278.9,2023,6
1928,울산,17991.6,2023,6
1929,세종,12279.3,2023,6
1930,강원,12401.4,2023,6
1931,충북,10609.5,2023,6
1932,충남,11771.1,2023,6
1933,전북,11124.3,2023,6
1934,전남,11226.6,2023,6
1935,경북,12639.0,2023,6
1936,경남,11655.6,2023,6
1937,제주,24175.8,2023,6
1938,서울,31927.5,2023,7
1939,인천,16064.4,2023,7
1940,경기,19542.6,2023,7
1941,부산,20687.7,2023,7
1942,대구,16358.1,2023,7
1943,광주,18146.7,2023,7
1944,대전,16731.0,2023,7
1945,울산,17991.6,2023,7
1946,세종,12279.3,2023,7
1947,강원,13365.0,2023,7
1948,충북,10612.8,2023,7
1949,충남,11784.3,2023,7
1950,전북,11196.9,2023,7
1951,전남,11394.9,2023,7
1952,경북,12843.6,2023,7
1953,경남,11279.4,2023,7
1954,제주,24175.8,2023,7
1955,서울,31795.5,2023,8
1956,인천,16097.4,2023,8
1957,경기,19572.3,2023,8
1958,부산,21921.9,2023,8
1959,대구,16688.1,2023,8
1960,광주,18252.3,2023,8
1961,대전,16731.0,2023,8
1962,울산,18067.5,2023,8
1963,세종,12279.3,2023,8
1964,강원,13374.9,2023,8
1965,충북,10725.0,2023,8
1966,충남,11843.7,2023,8
1967,전북,11596.2,2023,8
1968,전남,12074.7,2023,8
1969,경북,13318.8,2023,8
1970,경남,11163.9,2023,8
1971,제주,25551.9,2023,8
1972,서울,32000.1,2023,9
1973,인천,16100.7,2023,9
1974,경기,19509.6,2023,9
1975,부산,21921.9,2023,9
1976,대구,16688.1,2023,9
1977,광주,18011.399999999998,2023,9
1978,대전,16731.0,2023,9
1979,울산,17928.899999999998,2023,9
1980,세종,12279.3,2023,9
1981,강원,13724.7,2023,9
1982,충북,10926.3,2023,9
1983,충남,11853.6,2023,9
1984,전북,11583.0,2023,9
1985,전남,12031.8,2023,9
1986,경북,13335.3,2023,9
1987,경남,11622.6,2023,9
1988,제주,25551.9,2023,9
1989,서울,32155.2,2023,10
1990,인천,16872.899999999998,2023,10
1991,경기,19532.7,2023,10
1992,부산,22182.6,2023,10
1993,대구,17575.8,2023,10
1994,광주,18011.399999999998,2023,10
1995,대전,16361.4,2023,10
1996,울산,17777.1,2023,10
1997,세종,12279.3,2023,10
1998,강원,14298.9,2023,10
1999,충북,11203.5,2023,10
2000,충남,11922.9,2023,10
2001,전북,11559.9,2023,10
2002,전남,12031.8,2023,10
2003,경북,13335.3,2023,10
2004,경남,12929.4,2023,10
2005,제주,25743.3,2023,10
2006,서울,34145.1,2023,11
2007,인천,16816.8,2023,11
2008,경기,21304.8,2023,11
2009,부산,20691.0,2023,11
2010,대구,17575.8,2023,11
2011,광주,17998.2,2023,11
2012,대전,16335.0,2023,11
2013,울산,16698.0,2023,11
2014,세종,12279.3,2023,11
2015,강원,14487.0,2023,11
2016,충북,11299.2,2023,11
2017,충남,12767.7,2023,11
2018,전북,11612.7,2023,11
2019,전남,13401.3,2023,11
2020,경북,13668.6,2023,11
2021,경남,13919.4,2023,11
2022,제주,25743.3,2023,11
2023,서울,34947.0,2023,12
2024,인천,16493.399999999998,2023,12
2025,경기,21591.9,2023,12
2026,부산,20691.0,2023,12
2027,대구,17087.399999999998,2023,12
2028,광주,18107.1,2023,12
2029,대전,16160.1,2023,12
2030,울산,16024.8,2023,12
2031,세종,12279.3,2023,12
2032,강원,14642.1,2023,12
2033,충북,11540.1,2023,12
2034,충남,12823.8,2023,12
2035,전북,11612.7,2023,12
2036,전남,13401.3,2023,12
2037,경북,13190.1,2023,12
2038,경남,13431.0,2023,12
2039,제주,25743.3,2023,12
2040,서울,37072.2,2024,1
2041,인천,16453.8,2024,1
2042,경기,21519.3,2024,1
2043,부산,20691.0,2024,1
2044,대구,23964.6,2024,1
2045,광주,18532.8,2024,1
2046,대전,16160.1,2024,1
2047,울산,16024.8,2024,1
2048,세종,18126.9,2024,1
2049,강원,14642.1,2024,1
2050,충북,11540.1,2024,1
2051,충남,11932.8,2024,1
2052,전북,11612.7,2024,1
2053,전남,12417.9,2024,1
2054,경북,13770.9,2024,1
2055,경남,13431.0,2024,1
2056,제주,25743.3,2024,1
2057,서울,37808.1,2024,2
2058,인천,18090.6,2024,2
2059,경기,20892.3,2024,2
2060,부산,20575.5,2024,2
2061,대구,23964.6,2024,2
2062,광주,19054.2,2024,2
2063,대전,17216.1,2024,2
2064,울산,16724.399999999998,2024,2
2065,세종,18126.9,2024,2
2066,강원,14642.1,2024,2
2067,충북,11711.7,2024,2
2068,충남,12064.8,2024,2
2069,전북,12318.9,2024,2
2070,전남,12147.3,2024,2
2071,경북,13784.1,2024,2
2072,경남,13840.2,2024,2
2073,제주,24773.1,2024,2
2074,서울,37943.4,2024,3
2075,인천,18117.0,2024,3
2076,경기,20895.6,2024,3
2077,부산,20575.5,2024,3
2078,대구,30600.9,2024,3
2079,광주,18885.9,2024,3
2080,대전,17351.399999999998,2024,3
2081,울산,16711.2,2024,3
2082,세종,18126.9,2024,3
2083,강원,14642.1,2024,3
2084,충북,12592.8,2024,3
2085,충남,12064.8,2024,3
2086,전북,12487.2,2024,3
2087,전남,12147.3,2024,3
2088,경북,13784.1,2024,3
2089,경남,13840.2,2024,3
2090,제주,24773.1,2024,3
2091,서울,38841.0,2024,4
2092,인천,18189.6,2024,4
2093,경기,21083.7,2024,4
2094,부산,20116.8,2024,4
2095,대구,30600.9,2024,4
2096,광주,18885.9,2024,4
2097,대전,18767.1,2024,4
2098,울산,16942.2,2024,4
2099,세종,18126.9,2024,4
2100,강원,14777.4,2024,4
2101,충북,12962.4,2024,4
2102,충남,12117.6,2024,4
2103,전북,12226.5,2024,4
2104,전남,12147.3,2024,4
2105,경북,13784.1,2024,4
2106,경남,13840.2,2024,4
2107,제주,24773.1,2024,4
2108,서울,38629.8,2024,5
2109,인천,18239.1,2024,5
2110,경기,20908.8,2024,5
2111,부산,20859.3,2024,5
2112,대구,23964.6,2024,5
2113,광주,18054.3,2024,5
2114,대전,18767.1,2024,5
2115,울산,18222.6,2024,5
2116,세종,18126.9,2024,5
2117,강원,14774.1,2024,5
2118,충북,12962.4,2024,5
2119,충남,11893.2,2024,5
2120,전북,12134.1,2024,5
2121,전남,12147.3,2024,5
2122,경북,13784.1,2024,5
2123,경남,14176.8,2024,5
2124,제주,24773.1,2024,5
2125,서울,18625.2,2024,6
2126,인천,41830.8,2024,6
2127,경기,17744.1,2024,6
2128,부산,27017.1,2024,6
2129,대구,21331.2,2024,6
2130,광주,23964.6,2024,6
2131,대전,18054.3,2024,6
2132,울산,17899.2,2024,6
2133,세종,18126.9,2024,6
2134,강원,15077.7,2024,6
2135,충북,13011.9,2024,6
2136,충남,11893.2,2024,6
2137,전북,12028.5,2024,6
2138,전남,13101.0,2024,6
2139,경북,13784.1,2024,6
2140,경남,14543.1,2024,6
2141,제주,24142.8,2024,6
2142,서울,43939.5,2024,7
2143,인천,17754.0,2024,7
2144,경기,21377.4,2024,7
2145,부산,22555.5,2024,7
2146,대구,23964.6,2024,7
2147,광주,18222.6,2024,7
2148,대전,17592.3,2024,7
2149,울산,18136.8,2024,7
2150,세종,18126.9,2024,7
2151,강원,15120.6,2024,7
2152,충북,13011.9,2024,7
2153,충남,11893.2,2024,7
2154,전북,12028.5,2024,7
2155,전남,13101.0,2024,7
2156,경북,13827.0,2024,7
2157,경남,13308.9,2024,7
2158,제주,24142.8,2024,7
2159,서울,43041.9,2024,8
2160,인천,17948.7,2024,8
2161,경기,21248.7,2024,8
2162,부산,22304.7,2024,8
2163,대구,23964.6,2024,8
2164,광주,18328.2,2024,8
2165,대전,17592.3,2024,8
2166,울산,17889.3,2024,8
2167,세종,18126.9,2024,8
2168,강원,15120.6,2024,8
2169,충북,13011.9,2024,8
2170,충남,11899.8,2024,8
2171,전북,12058.2,2024,8
2172,전남,13120.8,2024,8
2173,경북,13827.0,2024,8
2174,경남,13252.8,2024,8
2175,제주,25419.9,2024,8
